{"_timestamp":1.7525663725494998e+09,"_runtime":2.323929918,"_step":19,"epoch":1,"loss":0.2735494536658128,"_wandb":{"runtime":2}}