{"_wandb":{"runtime":2},"loss":0.03483508578834257,"_timestamp":1.7525697760071993e+09,"_runtime":2.509917685,"_step":19,"epoch":1}