{"_wandb":{"runtime":3},"epoch":1,"loss":0.7707546732077996,"_timestamp":1.7525658174388676e+09,"_runtime":2.812671881,"_step":19}