{"_wandb":{"runtime":2},"epoch":1,"loss":0.09024210457157876,"_timestamp":1.7525665740284219e+09,"_runtime":2.51194569,"_step":19}