{"_timestamp":1.7525721785757394e+09,"_runtime":2.314849922,"_step":19,"_wandb":{"runtime":2},"epoch":1,"loss":0.5063561995824178}