{"_runtime":2.8184323730000003,"_step":19,"_wandb":{"runtime":3},"epoch":1,"loss":0.4169860947132111,"_timestamp":1.7525657438992238e+09}