{"loss":0.06517604369271014,"_timestamp":1.7525696639320896e+09,"_runtime":2.487731755,"_step":19,"_wandb":{"runtime":2},"epoch":1}