{"_step":19,"epoch":1,"loss":0.41913529857993126,"_timestamp":1.7525642257544787e+09,"_runtime":2.11244389,"_wandb":{"runtime":2}}