{"epoch":1,"loss":0.04131855735821383,"_timestamp":1.7525724609967904e+09,"_runtime":2.65600186,"_wandb":{"runtime":2},"_step":19}