{"_runtime":2.44404751,"_step":19,"_wandb":{"runtime":2},"epoch":1,"loss":0.06362933023566646,"_timestamp":1.7525689237770514e+09}