{"_timestamp":1.752570135473257e+09,"_runtime":2.685640715,"_step":19,"_wandb":{"runtime":2},"epoch":1,"loss":0.04804230606116887}