{"_timestamp":1.7525700655857756e+09,"_runtime":2.752006925,"_wandb":{"runtime":2},"_step":19,"epoch":1,"loss":0.04816851433965245}