{"_step":19,"_wandb":{"runtime":2},"epoch":1,"loss":0.04423904784822038,"_timestamp":1.7525690494031081e+09,"_runtime":2.437931447}