{"loss":0.4306811559200287,"_timestamp":1.7525686794117022e+09,"_runtime":2.411080968,"_step":19,"epoch":1,"_wandb":{"runtime":2}}