{"loss":0.00030575553484430367,"_timestamp":1.7525654291298063e+09,"_runtime":1.9161128440000001,"_step":19,"_wandb":{"runtime":2},"epoch":1}