{"epoch":1,"loss":0.07275341283197381,"_timestamp":1.7525696253938348e+09,"_runtime":2.669062093,"_step":19,"_wandb":{"runtime":2}}