{"_timestamp":1.7525663185429668e+09,"_runtime":2.392320214,"_step":19,"epoch":1,"_wandb":{"runtime":2},"loss":0.457635215173165}