{"epoch":1,"loss":0.19597157606711754,"_timestamp":1.752566107226104e+09,"_wandb":{"runtime":2},"_runtime":2.804426009,"_step":19}