{"loss":0.0625969946517476,"_timestamp":1.7525723787186987e+09,"_wandb":{"runtime":3},"_runtime":2.849513559,"_step":19,"epoch":1}