{"_wandb":{"runtime":2},"epoch":1,"loss":0.054692139416666966,"_timestamp":1.7525672522613757e+09,"_runtime":2.76498336,"_step":19}