{"_step":19,"epoch":1,"loss":0.18981765067348114,"_timestamp":1.7525695402058325e+09,"_wandb":{"runtime":2},"_runtime":2.452672539}