{"epoch":1,"loss":0.19683729198116523,"_timestamp":1.7525687878975585e+09,"_runtime":2.392531609,"_step":19,"_wandb":{"runtime":2}}