{"_step":19,"_wandb":{"runtime":3},"epoch":1,"loss":0.7436687661253888,"_timestamp":1.7525656775759847e+09,"_runtime":2.9123359779999998}