{"_wandb":{"runtime":2},"epoch":1,"loss":0.008314455139704725,"_timestamp":1.752565389404972e+09,"_runtime":2.291758052,"_step":19}