{"loss":0.0675606361723372,"_timestamp":1.752568882452898e+09,"_runtime":2.65613691,"_wandb":{"runtime":2},"_step":19,"epoch":1}