{"loss":0.06814605998806655,"_timestamp":1.7525698900296495e+09,"_runtime":2.56394528,"_step":19,"_wandb":{"runtime":2},"epoch":1}