{"_step":19,"_wandb":{"runtime":2},"epoch":1,"loss":0.7654423843259397,"_timestamp":1.752566248151345e+09,"_runtime":2.573603744}