{"epoch":1,"loss":0.030878689302231317,"_wandb":{"runtime":2},"_timestamp":1.7525699610614815e+09,"_runtime":2.5529626949999997,"_step":19}