{"loss":0.014440968499651976,"_timestamp":1.752564080924796e+09,"_runtime":2.633690864,"_step":19,"_wandb":{"runtime":2},"epoch":1}