{"_step":19,"_wandb":{"runtime":2},"epoch":1,"loss":0.05220903587594096,"_timestamp":1.7525689655755124e+09,"_runtime":2.532110684}