{"epoch":1,"loss":0.2057662709401204,"_timestamp":1.7525664258490667e+09,"_runtime":2.4088625439999998,"_step":19,"_wandb":{"runtime":2}}