{"_step":19,"_wandb":{"runtime":2},"epoch":1,"loss":0.2698082435131073,"_timestamp":1.752564280294137e+09,"_runtime":2.324953513}