{"_step":19,"_wandb":{"runtime":2},"epoch":1,"loss":0.8053632410972015,"_timestamp":1.752565925465067e+09,"_runtime":2.395673192}