{"epoch":1,"loss":0.4237375197311242,"_timestamp":1.752566964815652e+09,"_runtime":2.265225205,"_step":19,"_wandb":{"runtime":2}}