{"_timestamp":1.7525661614026835e+09,"_runtime":2.772197264,"_step":19,"_wandb":{"runtime":2},"epoch":1,"loss":0.1512050714630347}