{"loss":-0.6966238594972171,"_timestamp":1.752565562314735e+09,"_runtime":2.97125508,"_step":19,"_wandb":{"runtime":3},"epoch":1}