{"loss":0.35054325064023334,"_wandb":{"runtime":2},"_timestamp":1.7525660461151261e+09,"_runtime":2.417096475,"_step":19,"epoch":1}