{"_runtime":2.462061149,"_step":19,"_wandb":{"runtime":2},"epoch":1,"loss":0.06129695097583213,"_timestamp":1.7525699959323719e+09}