{"loss":0.093680237316423,"_timestamp":1.7525723328806717e+09,"_runtime":2.594657635,"_step":19,"_wandb":{"runtime":2},"epoch":1}