{"_wandb":{"runtime":2},"epoch":1,"loss":0.021541659258738428,"_timestamp":1.7525701000983572e+09,"_runtime":2.565012598,"_step":19}