{"loss":0.042036704918635745,"_timestamp":1.7525673822574692e+09,"_runtime":2.703894186,"_step":19,"_wandb":{"runtime":2},"epoch":1}