{"_timestamp":1.752569382776386e+09,"_runtime":2.444407673,"_step":19,"_wandb":{"runtime":2},"epoch":1,"loss":0.7625412163527115}