{"_wandb":{"runtime":2},"_runtime":2.540164655,"_step":19,"epoch":1,"loss":0.038407243971180706,"_timestamp":1.7525645797158754e+09}