{"loss":0.0554542231506535,"_timestamp":1.7525690076394577e+09,"_wandb":{"runtime":2},"_runtime":2.420088127,"_step":19,"epoch":1}