{"_wandb":{"runtime":2},"_timestamp":1.7525641694197958e+09,"_runtime":2.37478913,"_step":19,"epoch":1,"loss":0.7360710294350333}