{"_step":19,"epoch":1,"loss":0.038617350410536995,"_timestamp":1.7525698540661983e+09,"_wandb":{"runtime":3},"_runtime":2.8259068899999997}