{"_runtime":2.469104396,"_step":19,"_wandb":{"runtime":2},"epoch":1,"loss":0.08158386926408168,"_timestamp":1.7525666215880558e+09}