{"_timestamp":1.7525643335019104e+09,"_wandb":{"runtime":2},"_runtime":2.165490783,"_step":19,"epoch":1,"loss":0.1412824828315664}