{"_runtime":2.494061448,"_step":19,"epoch":1,"_wandb":{"runtime":2},"loss":0.11759961479239994,"_timestamp":1.7525695839215362e+09}