{"epoch":1,"loss":0.7605586103771044,"_timestamp":1.75256689591447e+09,"_runtime":2.662706097,"_step":19,"_wandb":{"runtime":2}}