{"epoch":1,"_wandb":{"runtime":2},"loss":0.04718370597609984,"_timestamp":1.752570170354715e+09,"_runtime":2.505667172,"_step":19}