{"_wandb":{"runtime":2},"epoch":1,"loss":0.0015032559643838215,"_timestamp":1.7525654026212375e+09,"_runtime":2.049306831,"_step":19}