{"_wandb":{"runtime":2},"epoch":1,"loss":0.06560598842666618,"_timestamp":1.7525697397509441e+09,"_runtime":2.263058005,"_step":19}