{"_timestamp":1.752569702774993e+09,"_runtime":2.763926752,"_wandb":{"runtime":2},"_step":19,"epoch":1,"loss":0.06796862689744947}