{"_step":19,"epoch":1,"_wandb":{"runtime":2},"loss":0.0714152581723673,"_timestamp":1.7525667230158777e+09,"_runtime":2.512772264}