{"_timestamp":1.7525646251244109e+09,"_runtime":2.556405065,"_step":19,"_wandb":{"runtime":2},"epoch":1,"loss":0.03678647003003529}