{"_wandb":{"runtime":2},"epoch":1,"loss":0.2651802636682987,"_timestamp":1.7525722315795245e+09,"_runtime":2.442510901,"_step":19}