{"_step":19,"epoch":1,"loss":0.05807782446832529,"_wandb":{"runtime":2},"_timestamp":1.752564533956285e+09,"_runtime":2.455924641}