{"_timestamp":1.752565984726485e+09,"_runtime":2.78436815,"_step":19,"_wandb":{"runtime":2},"epoch":1,"loss":0.5020623666544756}