{"_wandb":{"runtime":2},"_timestamp":1.7525644328406284e+09,"_runtime":2.442941063,"_step":19,"epoch":1,"loss":0.13033776068025166}