{"_step":19,"_wandb":{"runtime":2},"epoch":1,"loss":0.08413182352004307,"_timestamp":1.7525665252152991e+09,"_runtime":2.481551015}