{"_wandb":{"runtime":2},"epoch":1,"loss":0.791017472743988,"_timestamp":1.7525691848145554e+09,"_runtime":2.46267138,"_step":19}