{"_runtime":2.546203865,"_step":19,"epoch":1,"loss":0.7892677991286569,"_wandb":{"runtime":2},"_timestamp":1.7525686187574773e+09}