{"_timestamp":1.7525725398876333e+09,"_runtime":2.606033223,"_step":19,"_wandb":{"runtime":2},"epoch":1,"loss":0.030981886325337524}