{"_timestamp":1.752567295714557e+09,"_runtime":2.604216291,"_step":19,"_wandb":{"runtime":2},"epoch":1,"loss":0.07579530758916267}