{"_timestamp":1.7525643840518622e+09,"_runtime":2.267325224,"_step":19,"_wandb":{"runtime":2},"epoch":1,"loss":0.1280602084265815}