{"_runtime":2.619639255,"_step":19,"epoch":1,"_wandb":{"runtime":2},"loss":0.04808654669406159,"_timestamp":1.7525673395156553e+09}