{"_runtime":2.008081087,"_step":19,"epoch":1,"loss":0.00017167853432262993,"_wandb":{"runtime":2},"_timestamp":1.7525654430640647e+09}