{"epoch":1,"loss":0.28467892587184906,"_wandb":{"runtime":2},"_timestamp":1.752568735664394e+09,"_runtime":2.4328729190000002,"_step":19}