{"loss":0.04771758309964623,"_wandb":{"runtime":2},"_timestamp":1.7525699257356803e+09,"_runtime":2.459869994,"_step":19,"epoch":1}