{"_wandb":{"runtime":2},"epoch":1,"loss":0.07704042536871773,"_timestamp":1.7525644858528128e+09,"_runtime":2.412775627,"_step":19}