{"_runtime":2.403879767,"_wandb":{"runtime":2},"_step":19,"epoch":1,"loss":0.2687120617677768,"_timestamp":1.752567029443273e+09}