{"_wandb":{"runtime":3},"loss":-0.5005667713181726,"_timestamp":1.752565595165556e+09,"_runtime":2.847134637,"_step":19,"epoch":1}