{"_step":19,"epoch":1,"loss":0.16945784023174873,"_timestamp":1.7525722827041686e+09,"_wandb":{"runtime":2},"_runtime":2.351358394}