{"epoch":1,"loss":0.11445236502698174,"_wandb":{"runtime":2},"_timestamp":1.7525671432260642e+09,"_runtime":2.745187637,"_step":19}