{"epoch":1,"loss":0.15358914310733476,"_timestamp":1.752567086928981e+09,"_runtime":3.34453204,"_step":19,"_wandb":{"runtime":3}}