{"_step":19,"epoch":1,"_wandb":{"runtime":2},"loss":0.0005963074006351897,"_timestamp":1.7525654159473917e+09,"_runtime":2.02201692}