{"_runtime":2.295545063,"_step":19,"epoch":1,"loss":0.3124187408636014,"_timestamp":1.7525694920687373e+09,"_wandb":{"runtime":2}}