{"_wandb":{"runtime":2},"loss":0.03443003582235958,"_timestamp":1.7525725004240758e+09,"_runtime":2.586110664,"_step":19,"epoch":1}