{"loss":0.049516452343336174,"_wandb":{"runtime":2},"_timestamp":1.7525724205208042e+09,"_runtime":2.514435775,"_step":19,"epoch":1}