{"loss":0.7189370773055337,"_timestamp":1.7525721212653015e+09,"_runtime":2.549680861,"_step":19,"_wandb":{"runtime":2},"epoch":1}