{"_step":19,"_wandb":{"runtime":2},"epoch":1,"loss":0.011384035514700892,"_timestamp":1.7525640395527694e+09,"_runtime":2.66413875}