{"loss":0.03623245278556299,"_timestamp":1.752570031096513e+09,"_runtime":2.65313012,"_step":19,"_wandb":{"runtime":2},"epoch":1}