{"loss":0.4334423010763915,"_timestamp":1.7525694388322575e+09,"_runtime":2.172697216,"_step":19,"_wandb":{"runtime":2},"epoch":1}