{"_wandb":{"runtime":2},"loss":-1.2589319673451511,"_timestamp":1.7525655120767121e+09,"_runtime":2.630124369,"_step":19,"epoch":1}