{"_timestamp":1.7525666709490955e+09,"_runtime":2.70756566,"_step":19,"epoch":1,"loss":0.06154927983880043,"_wandb":{"runtime":2}}