{"loss":0.11477075655151296,"_wandb":{"runtime":2},"_timestamp":1.7525664761663015e+09,"_runtime":2.524657891,"_step":19,"epoch":1}