{"_runtime":2.5026080410000002,"_step":19,"_wandb":{"runtime":2},"epoch":1,"loss":0.0959308810332524,"_timestamp":1.7525688379667456e+09}