{"_runtime":3.403246326,"_step":19,"_wandb":{"runtime":3},"epoch":1,"loss":0.07524165427977485,"_timestamp":1.7525671998650572e+09}